"coder_id","work_id","coding_status","coding_date_utc","evidence_access","evidence_sources_consulted","eligibility","eligibility_basis","exclusion_reason","eligibility_evidence_location","eligibility_note","temporal_role_primary","temporal_role_secondary","temporal_role_evidence_location","temporal_role_note","dataset_product_reported","nominal_time_labels_verbatim","nominal_release_count","release_years_reported","dataset_ids_reported","source_years_reported","source_mapping_completeness","year_semantics","measure_names_or_ids","mapping_evidence_location","mapping_note","provenance_disclosure","discl_dataset_product","discl_release_years","discl_dataset_ids","discl_source_years","discl_modeled_estimate_status","discl_carry_forward_rotation","discl_definition_change","discl_geography_population_change","discl_uncertainty_dependence","provenance_evidence_location","provenance_note","decision_language_level","decision_audience","causal_language_flag","decision_evidence_location","decision_note","primary_fragility","secondary_fragilities","fragility_evidence_location","fragility_note","coder_confidence","access_limitation_note","final_coder_comment"
"A","E1","not_started","","","","","","","","","","","","","","","","","","","","","","","","","","","","","","","","","","","","","","","","","","","","","","",""
"A","E2","not_started","","","","","","","","","","","","","","","","","","","","","","","","","","","","","","","","","","","","","","","","","","","","","","",""
"A","E3","not_started","","","","","","","","","","","","","","","","","","","","","","","","","","","","","","","","","","","","","","","","","","","","","","",""
"A","E4","not_started","","","","","","","","","","","","","","","","","","","","","","","","","","","","","","","","","","","","","","","","","","","","","","",""
"A","E5","not_started","","","","","","","","","","","","","","","","","","","","","","","","","","","","","","","","","","","","","","","","","","","","","","",""
"A","E6","not_started","","","","","","","","","","","","","","","","","","","","","","","","","","","","","","","","","","","","","","","","","","","","","","",""
"A","E7","not_started","","","","","","","","","","","","","","","","","","","","","","","","","","","","","","","","","","","","","","","","","","","","","","",""
"A","E8","not_started","","","","","","","","","","","","","","","","","","","","","","","","","","","","","","","","","","","","","","","","","","","","","","",""
"A","E9","not_started","","","","","","","","","","","","","","","","","","","","","","","","","","","","","","","","","","","","","","","","","","","","","","",""
